<layer-list xmlns:android="http://schemas.android.com/apk/res/android">

    <item>
        <layer-list>
            <item android:left="1dip" android:top="1dip">
                <shape>
                    <solid android:color="#808080"/>
                    <corners
                        android:topLeftRadius="180dip"
                        android:topRightRadius="180dip"
                        android:bottomLeftRadius="180dip"
                        android:bottomRightRadius="180dip" />
                </shape>
            </item>
            <item android:left="1.5dip" android:top="1.5dip">
                <shape>
                    <solid android:color="#909090"/>
                    <corners
                        android:topLeftRadius="180dip"
                        android:topRightRadius="180dip"
                        android:bottomLeftRadius="180dip"
                        android:bottomRightRadius="180dip" />
                </shape>
            </item>
            <item android:left="2dip" android:top="2dip">
                <shape>
                    <solid android:color="#A0A0A0"/>
                    <corners
                        android:topLeftRadius="180dip"
                        android:topRightRadius="180dip"
                        android:bottomLeftRadius="180dip"
                        android:bottomRightRadius="180dip" />
                </shape>
            </item>
            <item android:left="2.5dip" android:top="2.5dip">
                <shape>
                    <solid android:color="#B0B0B0"/>
                    <corners
                        android:topLeftRadius="180dip"
                        android:topRightRadius="180dip"
                        android:bottomLeftRadius="180dip"
                        android:bottomRightRadius="180dip" />
                </shape>
            </item>
            <item android:bottom="3dip" android:right="3dip">
                <shape>
                    <solid android:color="@color/red_deepdeep"/>

                    <corners
                        android:topLeftRadius="180dip"
                        android:topRightRadius="180dip"
                        android:bottomLeftRadius="180dip"
                        android:bottomRightRadius="180dip" />
                </shape>
            </item>
        </layer-list>
    </item>

</layer-list>